姓名,性別,年齡,身高,體重,電話,e_mail,註冊時間
張柏翰,男,38,180,65,0929699406,kongmin@hotmail.com,2012-11-12 22:35:50
趙宜庭,女,51,158,86,0916578767,guiying42@gmail.com,2014-11-04 06:25:37
龐宗翰,男,23,171,54,0971763249,futao@hotmail.com,2018-02-15 06:07:48
韓佩君,女,19,166,54,0965130277,zhaoxia@hotmail.com,2019-02-10 15:56:13
伍佳樺,男,57,181,97,0964599321,zyu@hotmail.com,2014-10-01 08:25:59
胡瑋婷,女,40,166,87,0959398391,jinxia@hotmail.com,2014-09-04 22:58:59
王承翰,男,23,164,87,0941482280,dlong@yahoo.com,2012-09-08 13:39:39
李雅琪,女,44,152,88,0951397051,umo@hotmail.com,2019-02-24 16:25:41
劉彥廷,男,21,170,76,0951410113,xiuyingzeng@yahoo.com,2012-03-31 01:39:21
黃淑芬,女,39,161,52,0950441355,fdu@gmail.com,2018-12-02 05:59:18
李承翰,男,56,185,53,0956170556,lifu@gmail.com,2012-11-15 13:03:41
梁宜君,女,30,155,56,0947317121,pingdu@hotmail.com,2010-04-18 07:59:56
丁建宏,男,58,163,86,0916906972,qiaoli@yahoo.com,2011-10-05 14:38:49
胡婉婷,女,42,152,73,0981411283,ahan@yahoo.com,2015-11-15 01:30:10
賴志偉,男,32,185,66,0957697333,wei23@yahoo.com,2015-03-18 22:09:26
周筱涵,女,50,153,53,0938732966,xia53@gmail.com,2010-04-30 19:23:26
孟柏翰,男,57,187,55,0925099520,ping92@gmail.com,2011-12-27 11:10:40
高婷婷,女,41,172,56,0933815558,huanggang@hotmail.com,2017-04-25 04:35:06
潘宗翰,男,35,175,56,0965993222,hduan@hotmail.com,2019-03-04 14:57:12
範淑華,女,49,162,40,0976821434,vlai@gmail.com,2012-08-31 05:07:03
謝懿,男,62,181,94,0987317049,fanghan@yahoo.com,2013-09-13 14:42:39
張惠婷,女,39,163,72,0968909529,lmeng@hotmail.com,2011-06-14 19:49:00
成中山,男,23,177,56,0967002403,nacui@yahoo.com,2015-03-01 13:04:28
周郁婷,女,41,162,86,0910839612,yanghou@hotmail.com,2014-06-05 01:11:15
金彥廷,男,18,172,90,0939184096,bfu@hotmail.com,2019-07-30 05:26:42
張惠婷,女,25,176,75,0920827185,xiazhou@hotmail.com,2018-01-09 00:52:46
蔣懿,男,34,165,54,0927992450,minmao@gmail.com,2017-11-25 20:44:52
蘇佳慧,女,13,170,43,0921755502,chaochen@hotmail.com,2010-05-20 20:22:21
李傑克,男,57,188,76,0977872583,yong90@gmail.com,2011-01-02 23:38:12
範淑貞,女,47,153,55,0979865567,limo@yahoo.com,2017-01-11 12:30:44
陳佳樺,男,52,184,48,0927796860,chaoliao@yahoo.com,2018-07-26 23:42:22
甘依婷,女,35,159,40,0951511476,gongtao@gmail.com,2015-03-03 00:38:53
李彥廷,男,42,181,61,0931406441,dwang@gmail.com,2018-08-27 10:35:24
王佳蓉,女,32,158,57,0913902147,jzhang@gmail.com,2015-08-10 08:27:45
張懿,男,36,170,61,0969514815,maguiying@yahoo.com,2010-11-06 13:53:27
沈鈺婷,女,34,173,54,0953259612,wanglei@hotmail.com,2013-11-28 07:50:33
吳信宏,男,62,176,51,0988786228,yongkong@gmail.com,2011-06-15 22:52:49
韓瑋婷,女,57,152,59,0933100782,yong36@hotmail.com,2012-03-06 16:24:28
俞羽,男,19,171,54,0922777934,lqiao@hotmail.com,2012-12-30 15:19:38
黃怡婷,女,50,155,71,0938988923,vlu@hotmail.com,2012-05-09 03:56:49
胡信宏,男,29,169,72,0944995511,dongjing@yahoo.com,2017-10-23 00:08:15
樊怡君,女,15,169,80,0944335896,xiadong@gmail.com,2017-01-05 09:13:08
陳志宏,男,57,182,48,0913299098,fgu@yahoo.com,2017-04-16 19:12:11
張雅涵,女,16,157,85,0925692236,tao98@gmail.com,2010-06-15 06:51:30
鄧宇軒,男,38,179,55,0911003633,jun16@hotmail.com,2010-07-06 08:38:36
李淑娟,女,37,150,40,0935980305,yangren@hotmail.com,2016-04-26 13:44:12
丁柏翰,男,18,188,61,0926302346,yong06@yahoo.com,2010-09-14 05:06:11
陳佳蓉,女,42,169,80,0946289631,juancui@yahoo.com,2015-12-01 15:14:30
王家豪,男,41,176,52,0940855702,xiulan49@yahoo.com,2017-01-12 15:14:48
崔怡君,女,58,166,88,0982582045,cuixia@yahoo.com,2010-08-13 01:09:21
郝宇軒,男,57,184,70,0934931203,juanxue@yahoo.com,2019-04-15 23:43:55
張惠婷,女,36,174,80,0914460860,xiuyingmeng@hotmail.com,2012-07-05 11:35:30
鄧飛,男,12,166,65,0911232421,hduan@hotmail.com,2015-10-08 15:57:17
李佳慧,女,27,166,69,0940210900,gang67@yahoo.com,2019-06-29 17:52:28
牛志偉,男,18,174,91,0948043144,najiang@gmail.com,2014-06-23 00:02:42
郭郁雯,女,28,156,52,0949644640,jhe@hotmail.com,2012-03-08 15:21:37
劉馨儀,男,29,179,90,0911630818,fanghao@yahoo.com,2017-03-10 06:59:44
張詩涵,女,17,172,77,0955310722,shaoxiulan@gmail.com,2014-03-27 21:29:33
魏宇軒,男,13,164,83,0954928442,lfan@hotmail.com,2016-06-09 14:29:35
徐怡安,女,64,172,62,0937097202,licao@gmail.com,2013-10-20 14:29:38
金威廷,男,49,185,69,0941611785,yongdai@hotmail.com,2010-12-23 18:24:35
張欣怡,女,28,166,81,0937673424,xiuyingxiang@hotmail.com,2012-03-30 20:18:29
楊家豪,男,59,175,91,0978376353,xiulandong@gmail.com,2013-09-04 08:45:11
高怡如,女,40,157,54,0973817261,ltan@hotmail.com,2019-01-30 22:36:39
孫馨儀,男,34,175,70,0945192145,daiyong@yahoo.com,2013-07-23 23:30:05
曾佩珊,女,54,150,44,0913726738,iyu@hotmail.com,2010-10-28 14:22:29
汪傑克,男,21,180,79,0942885205,jma@yahoo.com,2016-02-29 21:35:37
傅佳玲,女,50,176,39,0980391770,yanghan@gmail.com,2010-06-04 04:24:30
蕭羽,男,61,172,83,0955300920,xiulanzhao@yahoo.com,2014-08-13 09:50:56
席雅文,女,57,162,54,0972496587,dwen@yahoo.com,2018-05-31 02:44:04
耿志豪,男,24,168,56,0987550939,yan88@hotmail.com,2017-10-12 13:34:25
李雅筑,女,50,157,68,0910851107,moming@yahoo.com,2011-05-19 13:16:08
蔔羽,男,31,167,88,0912014432,fanmin@gmail.com,2011-01-10 04:19:22
鞠惠如,女,36,165,43,0942578027,hren@hotmail.com,2014-06-17 20:29:43
武承翰,男,56,173,58,0985871327,qtan@hotmail.com,2010-02-20 11:34:11
李淑惠,女,42,171,85,0932170477,yinming@yahoo.com,2016-07-19 04:54:51
羅志豪,男,20,185,95,0928930183,blei@gmail.com,2017-10-30 11:14:03
仇郁雯,女,51,159,43,0925928313,yan61@yahoo.com,2010-06-08 05:34:56
王沖,男,12,187,59,0968209693,rgu@yahoo.com,2016-04-17 21:20:31
鞠筱涵,女,12,160,88,0987830414,yang60@yahoo.com,2017-04-23 04:18:06
林佳樺,男,27,181,71,0926095973,guiyingzheng@yahoo.com,2017-12-27 02:00:38
劉惠婷,女,46,157,63,0979140337,lcao@hotmail.com,2015-06-05 08:11:00
石沖,男,20,174,85,0966586020,chenxiuying@yahoo.com,2014-08-28 08:23:08
劉家瑜,女,20,163,82,0969498400,vcai@yahoo.com,2011-07-02 13:46:32
田宗翰,男,60,188,64,0976877336,fengping@yahoo.com,2013-03-05 04:36:24
廖雅玲,女,16,156,71,0977782359,ming68@gmail.com,2017-09-24 02:08:45
賀志豪,男,13,178,59,0951793483,dxiong@gmail.com,2016-02-15 19:14:11
周郁婷,女,29,159,52,0951210727,uxie@yahoo.com,2010-04-17 17:12:27
辛建宏,男,20,175,71,0972804263,tao60@hotmail.com,2011-12-14 22:16:26
丁佳慧,女,51,148,36,0978937538,zchen@gmail.com,2011-09-26 04:18:46
王冠宇,男,15,173,94,0944101672,cliao@hotmail.com,2010-02-16 04:34:19
陳鈺婷,女,17,166,85,0935400915,juan68@hotmail.com,2019-09-17 04:05:16
張彥廷,男,23,179,78,0925852362,xiaxia@hotmail.com,2012-06-23 20:05:53
田詩婷,女,58,169,72,0947733042,guiying11@hotmail.com,2012-02-25 02:40:21
陳俊宏,男,47,170,83,0985245676,mingtan@yahoo.com,2015-09-27 05:34:10
歐陽淑玲,女,50,156,74,0938750167,xiuyingyan@hotmail.com,2014-11-22 14:56:58
蘇冠廷,男,60,176,67,0980356924,bduan@gmail.com,2015-08-08 07:48:54
王郁婷,女,23,176,55,0966574641,ping81@yahoo.com,2013-05-09 02:04:37
莫懿,男,19,167,92,0940960549,yongdu@hotmail.com,2014-08-08 04:37:24
王雅琪,女,14,168,57,0980178488,tangping@hotmail.com,2010-03-15 19:31:21
蔣沖,男,13,186,57,0944206576,dtao@gmail.com,2018-10-20 13:23:00
李宜庭,女,33,168,60,0983595672,gangxiang@gmail.com,2012-10-16 08:17:14
周龍,男,59,184,72,0927866444,wyang@yahoo.com,2017-09-29 02:48:46
楊郁雯,女,50,150,79,0954048969,dchen@yahoo.com,2018-04-18 19:47:17
趙冠霖,男,34,161,79,0940214679,pingyao@gmail.com,2016-07-17 20:24:32
蘇怡萱,女,27,165,54,0936028975,acui@gmail.com,2015-03-16 22:58:22
陳宗翰,男,19,173,63,0918210672,kongtao@gmail.com,2012-01-26 01:16:32
楊惠雯,女,51,171,52,0977699593,gang53@hotmail.com,2013-06-07 23:42:24
白傑克,男,36,181,64,0923312906,yang68@gmail.com,2014-10-09 14:09:41
李家瑜,女,61,152,61,0932244517,junzhao@gmail.com,2013-02-04 13:24:18
張家豪,男,51,173,70,0975624885,yxiang@hotmail.com,2018-06-16 16:27:45
張心怡,女,62,150,78,0933807892,fanggao@yahoo.com,2017-11-21 10:34:45
敖俊宏,男,12,166,94,0940426345,shiyang@gmail.com,2019-04-15 13:12:07
韓怡萱,女,48,168,76,0920503481,na36@hotmail.com,2012-10-03 11:28:32
余冠宇,男,62,167,64,0925269618,ydong@yahoo.com,2017-01-20 01:24:29
白雅慧,女,22,167,41,0968636418,guiyingzhao@hotmail.com,2017-08-21 17:01:00
詹家銘,男,38,162,98,0984162040,gang13@gmail.com,2013-10-02 12:27:39
彭淑玲,女,16,159,43,0911405632,yanming@yahoo.com,2014-04-16 20:20:56
朱宗翰,男,20,170,59,0919519795,uzhu@yahoo.com,2011-03-07 23:03:52
陳靜宜,女,38,158,54,0917528337,pyi@hotmail.com,2010-06-25 17:58:56
曹宇軒,男,21,171,94,0967145975,yong24@hotmail.com,2017-11-20 08:55:38
段淑玲,女,32,176,76,0972888147,taohe@yahoo.com,2010-01-13 20:25:11
張庭瑋,男,50,184,85,0968593905,sqian@gmail.com,2014-04-10 02:32:21
祖瑋婷,女,63,152,53,0965723404,panyang@yahoo.com,2019-05-10 07:42:12
鄧俊宏,男,31,165,67,0914226095,fyu@gmail.com,2011-12-03 02:26:33
宋怡伶,女,43,165,60,0929146629,yong01@gmail.com,2015-10-29 00:49:26
龔宗翰,男,48,181,94,0982677515,lei48@yahoo.com,2010-09-25 06:55:59
王雅婷,女,44,155,74,0974380213,fengli@hotmail.com,2011-08-21 17:28:28
李志宏,男,22,174,52,0921215157,leidong@yahoo.com,2014-08-11 09:04:08
劉淑華,女,27,154,41,0967920476,gchang@gmail.com,2016-11-11 13:16:45
李飛,男,12,165,98,0963764712,ming31@hotmail.com,2018-03-16 19:38:43
徐怡安,女,50,157,55,0923451196,juanxiong@yahoo.com,2015-01-21 19:04:03
鞠冠宇,男,28,173,54,0913463697,yuanjuan@gmail.com,2013-03-05 22:46:27
陳怡安,女,16,165,62,0935913518,qiang24@yahoo.com,2014-02-17 00:26:25
王柏翰,男,28,167,88,0925885369,weicao@yahoo.com,2016-10-11 16:00:20
包美玲,女,51,156,48,0977349259,juan93@hotmail.com,2013-01-16 15:36:03
李志偉,男,40,180,48,0954713338,nawu@yahoo.com,2017-12-15 07:01:32
王佳蓉,女,24,150,54,0969883155,jiafang@gmail.com,2011-07-25 22:20:37
李家銘,男,45,164,74,0981772452,liaowei@gmail.com,2018-01-18 04:18:02
趙惠婷,女,36,174,40,0958019733,zengping@yahoo.com,2014-11-13 04:22:29
盧俊傑,男,24,184,81,0913536566,xiuyingwang@gmail.com,2018-05-29 00:41:31
王雅芳,女,39,169,79,0951323617,guiyingma@gmail.com,2019-03-25 01:00:41
吳羽,男,57,164,76,0961314920,uzhao@gmail.com,2018-01-25 08:57:18
楊怡安,女,40,167,45,0947705139,qiangliang@hotmail.com,2019-01-31 08:00:21
華俊賢,男,28,184,82,0985718657,jding@yahoo.com,2013-05-01 05:34:21
李淑慧,女,16,149,71,0979763145,na19@hotmail.com,2019-06-16 05:56:53
張馨儀,男,47,164,98,0971625895,guiyingmao@yahoo.com,2010-07-10 15:12:38
李佩珊,女,50,168,64,0972685067,mengming@yahoo.com,2015-01-14 18:48:07
季馨儀,男,19,173,67,0929157771,shaona@hotmail.com,2012-07-04 00:14:40
趙靜怡,女,24,149,62,0921760891,qiantao@yahoo.com,2018-08-31 02:32:04
秦庭瑋,男,58,163,82,0970074527,guiyingzeng@hotmail.com,2019-03-06 00:24:01
王靜怡,女,24,167,61,0967204532,gang31@gmail.com,2015-05-20 15:54:45
宿中山,男,43,168,62,0912349112,xiongqiang@hotmail.com,2016-09-11 14:44:04
崔佳玲,女,27,168,68,0979565822,xiuying66@yahoo.com,2017-02-28 15:38:14
劉威廷,男,52,161,55,0967080103,weixue@hotmail.com,2010-08-24 15:19:59
許郁婷,女,16,169,78,0975124024,jing77@yahoo.com,2011-08-31 04:48:43
宋威廷,男,42,160,55,0910862001,uzhao@gmail.com,2018-04-17 07:13:00
余郁婷,女,33,163,64,0918139935,fangcai@hotmail.com,2011-11-12 00:48:58
季懿,男,51,168,50,0968568729,xiulanyin@gmail.com,2016-02-04 13:35:46
陳怡伶,女,14,176,71,0956033337,hanna@hotmail.com,2012-03-17 22:04:45
李沖,男,29,171,100,0920268890,jinna@yahoo.com,2018-11-25 09:34:09
田淑貞,女,14,160,58,0978402470,min35@hotmail.com,2017-12-12 12:37:57
郭飛,男,14,169,57,0957146828,huangchao@hotmail.com,2017-02-24 19:43:53
賈靜宜,女,32,153,50,0949014511,eye@yahoo.com,2013-11-18 02:49:40
廖家銘,男,24,185,98,0943663624,li50@hotmail.com,2018-03-03 06:56:44
蔡雅惠,女,14,166,77,0971052504,xieli@hotmail.com,2012-03-01 06:40:36
周佳樺,男,53,187,56,0979063260,qinna@hotmail.com,2012-07-08 01:20:47
喻靜怡,女,65,163,43,0911926760,xiulancao@yahoo.com,2012-10-28 00:01:01
王俊宏,男,13,163,70,0910776576,xiaomin@gmail.com,2013-09-07 22:54:30
高惠雯,女,56,152,72,0969411482,leipeng@gmail.com,2016-07-23 22:09:49
黃冠廷,男,22,179,82,0920767352,mding@yahoo.com,2018-11-15 15:55:34
周詩涵,女,44,157,75,0985440837,jingwang@hotmail.com,2011-09-11 14:03:13
李彥廷,男,35,181,50,0950820394,xiaming@hotmail.com,2011-03-13 16:21:16
馮雅慧,女,56,151,39,0956461462,izheng@hotmail.com,2017-11-26 20:15:28
岑飛,男,21,165,74,0954533565,chaoqiao@gmail.com,2016-01-19 23:52:27
蕭雅玲,女,64,170,79,0915135573,leiguo@gmail.com,2012-02-19 14:51:32
羅威廷,男,24,169,67,0972516196,jingshi@yahoo.com,2016-01-20 23:17:32
杜雅雯,女,16,167,39,0918673444,xiafeng@hotmail.com,2012-04-23 13:10:34
駱家銘,男,17,172,62,0986617679,otang@gmail.com,2014-12-20 20:43:32
崔詩婷,女,40,154,44,0966004419,amo@yahoo.com,2012-09-02 20:13:18
張承翰,男,49,167,61,0938191333,chao92@gmail.com,2019-02-23 18:51:00
陳郁婷,女,27,173,55,0959943603,li23@hotmail.com,2011-01-10 09:27:16
羅家豪,男,49,178,61,0987871895,liaoyang@gmail.com,2011-01-28 00:15:34
張美玲,女,41,167,51,0930616723,caojing@hotmail.com,2010-06-28 01:52:35
王家瑋,男,25,184,81,0964770124,jie94@gmail.com,2014-03-20 01:02:31
孫佳慧,女,19,174,76,0967998530,fanjun@hotmail.com,2012-02-29 17:08:07
燕冠廷,男,29,173,98,0968035096,yli@gmail.com,2014-01-20 09:10:04
段婉婷,女,59,159,56,0985949560,luotao@hotmail.com,2016-06-10 11:49:30
沈庭瑋,男,53,184,52,0982488611,daina@hotmail.com,2013-01-11 07:16:32
王佳玲,女,21,161,65,0929763600,yanguiying@yahoo.com,2010-10-02 00:57:53
李建宏,男,31,173,55,0985547724,exiong@yahoo.com,2013-08-28 09:13:51
黃雅雯,女,39,154,85,0931413972,psu@gmail.com,2018-01-31 12:07:18
田宇軒,男,37,173,67,0947296667,panna@hotmail.com,2012-10-03 11:22:45
周詩涵,女,65,153,80,0919349321,weizhang@gmail.com,2016-04-24 09:30:54
劉建宏,男,38,181,76,0948691378,gangcheng@yahoo.com,2019-09-04 09:09:27
王靜怡,女,26,149,68,0921594995,fanchao@hotmail.com,2019-07-27 22:46:31
林志豪,男,49,167,100,0915618344,li51@gmail.com,2016-08-20 06:51:54
茍佳玲,女,37,173,70,0923609240,gang27@hotmail.com,2017-10-24 16:57:03
石懿,男,16,165,97,0928377181,ezou@yahoo.com,2017-04-22 19:45:48
張雅雯,女,28,151,58,0957527119,xia61@yahoo.com,2012-08-14 13:33:35
